Year,loc,Type,TrialNumber,PlotNumber,col,row,rep,Entry,DH,DM,PHMean,TKW,GYH
2021,Bekoji,BK21FBNHP01,1,16,16,1,1,1,87,151,140,53.6,6369.7508
2021,Bekoji,BK21FBNHP01,1,11,11,1,1,2,93,153,140,50.5,4959.6762
2021,Bekoji,BK21FBNHP01,1,1,1,1,1,3,81,153,130,46.5,6132.456
2021,Bekoji,BK21FBNHP01,1,4,4,1,1,4,95,150,130,38.3,4864.356
2021,Bekoji,BK21FBNHP01,1,17,17,1,1,5,80,140,120,34,5818.4136
2021,Bekoji,BK21FBNHP01,1,12,12,1,1,6,78,142,130,38.6,5867.5116
2021,Bekoji,BK21FBNHP01,1,7,7,1,1,7,81,147,125,34.7,5604.9676
2021,Bekoji,BK21FBNHP01,1,13,13,1,1,8,77,144,110,41.7,5586.6
2021,Bekoji,BK21FBNHP01,1,6,6,1,1,9,80,148,115,32.2,6013
2021,Bekoji,BK21FBNHP01,1,15,15,1,1,10,78,144,130,39.9,6295.4892
2021,Bekoji,BK21FBNHP01,1,3,3,1,1,11,82,149,105,45.5,5840.826
2021,Bekoji,BK21FBNHP01,1,10,10,1,1,12,79,147,115,42.9,6769.0348
2021,Bekoji,BK21FBNHP01,1,5,5,1,1,13,80,144,130,42.6,6158.8
2021,Bekoji,BK21FBNHP01,1,9,9,1,1,14,77,143,130,44.3,5219.2
2021,Bekoji,BK21FBNHP01,1,18,18,1,1,15,80,142,120,37.5,3669.1236
2021,Bekoji,BK21FBNHP01,1,20,20,1,1,16,77,142,120,40.4,5571.1656
2021,Bekoji,BK21FBNHP01,1,8,8,1,1,17,78,144,120,41.8,5848.8
2021,Bekoji,BK21FBNHP01,1,14,14,1,1,18,81,140,120,32.5,4836
2021,Bekoji,BK21FBNHP01,1,2,2,1,1,19,82,154,120,46.8,5566.68
2021,Bekoji,BK21FBNHP01,1,19,19,1,1,20,83,148,120,40.4,5571.1656
2021,Bekoji,BK21FBNHP01,1,25,16,2,2,1,81,150,140,42,6517.8568
2021,Bekoji,BK21FBNHP01,1,32,9,2,2,2,89,151,135,53.2,4820.4192
2021,Bekoji,BK21FBNHP01,1,36,5,2,2,3,79,149,125,47.8,4965.8
2021,Bekoji,BK21FBNHP01,1,38,3,2,2,4,93,150,130,39.2,4452.3432
2021,Bekoji,BK21FBNHP01,1,40,1,2,2,5,78,144,115,38.2,5991.5712
2021,Bekoji,BK21FBNHP01,1,28,13,2,2,6,79,140,125,34.8,6159.6236
2021,Bekoji,BK21FBNHP01,1,23,18,2,2,7,81,149,130,32.4,4107.6862
2021,Bekoji,BK21FBNHP01,1,21,20,2,2,8,76,144,105,37.6,5829.7872
2021,Bekoji,BK21FBNHP01,1,27,14,2,2,9,82,148,120,29.1,5466.2
2021,Bekoji,BK21FBNHP01,1,39,2,2,2,10,79,147,125,41.9,5325.6
2021,Bekoji,BK21FBNHP01,1,34,7,2,2,11,80,144,120,44.3,5190.6042
2021,Bekoji,BK21FBNHP01,1,30,11,2,2,12,80,149,115,43.7,
2021,Bekoji,BK21FBNHP01,1,26,15,2,2,13,80,145,125,42,7106.0868
2021,Bekoji,BK21FBNHP01,1,33,8,2,2,14,79,148,125,43.7,4547.6772
2021,Bekoji,BK21FBNHP01,1,24,17,2,2,15,80,140,115,33.6,2679.0764
2021,Bekoji,BK21FBNHP01,1,22,19,2,2,16,78,144,120,44.1,3491.2424
2021,Bekoji,BK21FBNHP01,1,35,6,2,2,17,79,138,115,42.85,5496.8914
2021,Bekoji,BK21FBNHP01,1,37,4,2,2,18,78,142,120,36.1,3940.7938
2021,Bekoji,BK21FBNHP01,1,31,10,2,2,19,82,149,125,44.2,3579.3444
2021,Bekoji,BK21FBNHP01,1,29,12,2,2,20,83,149,120,34.8,5550.8972
2021,Bekoji,BK21FBNHP01,1,60,20,3,3,1,85,153,135,56.1,5652.0534
2021,Bekoji,BK21FBNHP01,1,55,15,3,3,2,89,154,130,52.9,4006.4148
2021,Bekoji,BK21FBNHP01,1,48,8,3,3,3,81,149,130,46.6,5717.3962
2021,Bekoji,BK21FBNHP01,1,53,13,3,3,4,91,151,135,34.7,5581.6128
2021,Bekoji,BK21FBNHP01,1,43,3,3,3,5,80,146,120,37.6,
2021,Bekoji,BK21FBNHP01,1,45,5,3,3,6,78,144,125,40.3,5393.7328
2021,Bekoji,BK21FBNHP01,1,58,18,3,3,7,82,147,120,33.6,4755.0402
2021,Bekoji,BK21FBNHP01,1,49,9,3,3,8,78,148,115,41.6,5862.0762
2021,Bekoji,BK21FBNHP01,1,59,19,3,3,9,82,149,115,31.3,4923.0264
2021,Bekoji,BK21FBNHP01,1,41,1,3,3,10,77,146,120,43.2,4769.3646
2021,Bekoji,BK21FBNHP01,1,50,10,3,3,11,82,147,115,43.2,6192.8576
2021,Bekoji,BK21FBNHP01,1,46,6,3,3,12,78,148,110,42.3,6769.5628
2021,Bekoji,BK21FBNHP01,1,52,12,3,3,13,80,147,115,41.3,5863.538
2021,Bekoji,BK21FBNHP01,1,44,4,3,3,14,77,146,125,46.6,4865.607
2021,Bekoji,BK21FBNHP01,1,56,16,3,3,15,80,144,110,34.7,5456.32
2021,Bekoji,BK21FBNHP01,1,54,14,3,3,16,79,148,120,41.6,6680.9124
2021,Bekoji,BK21FBNHP01,1,57,17,3,3,17,78,143,115,42.3,5931.114
2021,Bekoji,BK21FBNHP01,1,51,11,3,3,18,80,144,110,33.9,3784.9548
2021,Bekoji,BK21FBNHP01,1,42,2,3,3,19,82,153,125,47.3,5931.552
2021,Bekoji,BK21FBNHP01,1,47,7,3,3,20,80,149,115,44.2,5151.2868
2021,Debreberhane,DB21FBNHP01,1,3,3,1,1,1,85,,89,53.6,1132.84
2021,Debreberhane,DB21FBNHP01,1,1,1,1,1,2,96,,104,57.6,2357.946
2021,Debreberhane,DB21FBNHP01,1,9,9,1,1,3,79,,84.33333333,41.2,1238.8904
2021,Debreberhane,DB21FBNHP01,1,7,7,1,1,4,101,,76.66666667,40.8,818.4896
2021,Debreberhane,DB21FBNHP01,1,4,4,1,1,5,82,,79.66666667,39.2,1658.4444
2021,Debreberhane,DB21FBNHP01,1,11,11,1,1,6,85,,81.33333333,37.6,1798.8452
2021,Debreberhane,DB21FBNHP01,1,5,5,1,1,7,82,,78,33.6,1331.382
2021,Debreberhane,DB21FBNHP01,1,10,10,1,1,8,82,,78.66666667,42,1301.5614
2021,Debreberhane,DB21FBNHP01,1,8,8,1,1,9,96,,70,36.8,1468.7298
2021,Debreberhane,DB21FBNHP01,1,12,12,1,1,10,79,,77.66666667,42.4,1830.7296
2021,Debreberhane,DB21FBNHP01,1,19,19,1,1,11,85,,81.66666667,45.2,3125.0016
2021,Debreberhane,DB21FBNHP01,1,14,14,1,1,12,88,,77,49.2,2865.456
2021,Debreberhane,DB21FBNHP01,1,18,18,1,1,13,79,,85.33333333,46.8,2563.5984
2021,Debreberhane,DB21FBNHP01,1,13,13,1,1,14,85,,86.66666667,44.8,1972.3102
2021,Debreberhane,DB21FBNHP01,1,6,6,1,1,15,85,,68.33333333,45.6,1482.304
2021,Debreberhane,DB21FBNHP01,1,16,16,1,1,16,81,,90.66666667,49.6,3528.3266
2021,Debreberhane,DB21FBNHP01,1,15,15,1,1,17,81,,83.66666667,51.6,1400.668
2021,Debreberhane,DB21FBNHP01,1,17,17,1,1,18,79,,78.66666667,38.8,2466.156
2021,Debreberhane,DB21FBNHP01,1,20,20,1,1,19,85,,98,48.4,2698.1944
2021,Debreberhane,DB21FBNHP01,1,2,2,1,1,20,82,,84.33333333,47.6,2349.26
2021,Debreberhane,DB21FBNHP01,1,38,3,2,2,1,91,,76.66666667,50.8,1211.8572
2021,Debreberhane,DB21FBNHP01,1,23,18,2,2,2,89,,118,58.8,3813.9118
2021,Debreberhane,DB21FBNHP01,1,30,11,2,2,3,84,,78,35.6,1141.0146
2021,Debreberhane,DB21FBNHP01,1,22,19,2,2,4,99,,99,44.8,2034.8136
2021,Debreberhane,DB21FBNHP01,1,33,8,2,2,5,80,,71.66666667,35.2,1252.1452
2021,Debreberhane,DB21FBNHP01,1,31,10,2,2,6,86,,74,37.2,1918.224
2021,Debreberhane,DB21FBNHP01,1,36,5,2,2,7,86,,73,32,1304.352
2021,Debreberhane,DB21FBNHP01,1,29,12,2,2,8,79,,73.33333333,45.6,1859.1552
2021,Debreberhane,DB21FBNHP01,1,26,15,2,2,9,99,,87,43.2,
2021,Debreberhane,DB21FBNHP01,1,39,2,2,2,10,85,,83,44.8,2308.196
2021,Debreberhane,DB21FBNHP01,1,21,20,2,2,11,81,,88.66666667,44.8,3099.27
2021,Debreberhane,DB21FBNHP01,1,28,13,2,2,12,86,,71.33333333,49.2,2763.651
2021,Debreberhane,DB21FBNHP01,1,24,17,2,2,13,81,,94,50,3774.2368
2021,Debreberhane,DB21FBNHP01,1,37,4,2,2,14,79,,81.66666667,49.6,1653.1446
2021,Debreberhane,DB21FBNHP01,1,25,16,2,2,15,80,,85.66666667,46,4856.139
2021,Debreberhane,DB21FBNHP01,1,35,6,2,2,16,79,,72,42,2088.768
2021,Debreberhane,DB21FBNHP01,1,40,1,2,2,17,86,,64,39.2,1773.156
2021,Debreberhane,DB21FBNHP01,1,27,14,2,2,18,80,,87.66666667,42.4,4110.3418
2021,Debreberhane,DB21FBNHP01,1,32,9,2,2,19,88,,72,50.4,1251.9024
2021,Debreberhane,DB21FBNHP01,1,34,7,2,2,20,86,,79,49.6,1835.0782
2021,Debreberhane,DB21FBNHP01,1,49,9,3,3,1,86,,85.33333333,52,1215.434
2021,Debreberhane,DB21FBNHP01,1,44,4,3,3,2,93,,96.66666667,51.6,1001.976
2021,Debreberhane,DB21FBNHP01,1,58,18,3,3,3,80,,99.66666667,54.8,
2021,Debreberhane,DB21FBNHP01,1,56,16,3,3,4,96,,103,41.2,3652
2021,Debreberhane,DB21FBNHP01,1,60,20,3,3,5,79,,81,40.8,2868.672
2021,Debreberhane,DB21FBNHP01,1,59,19,3,3,6,80,,94.66666667,46,3304.8786
2021,Debreberhane,DB21FBNHP01,1,41,1,3,3,7,89,,56.33333333,31.2,876.226
2021,Debreberhane,DB21FBNHP01,1,50,10,3,3,8,79,,81.66666667,44.4,1858.4844
2021,Debreberhane,DB21FBNHP01,1,43,3,3,3,9,90,,64.33333333,41.6,1301.3976
2021,Debreberhane,DB21FBNHP01,1,57,17,3,3,10,78,,95.66666667,38,3453.807
2021,Debreberhane,DB21FBNHP01,1,46,6,3,3,11,87,,71.33333333,42,1349.1072
2021,Debreberhane,DB21FBNHP01,1,53,13,3,3,12,81,,78.33333333,46.4,3839.0868
2021,Debreberhane,DB21FBNHP01,1,52,12,3,3,13,81,,76.33333333,47.2,2349.087
2021,Debreberhane,DB21FBNHP01,1,45,5,3,3,14,80,,80.33333333,39.2,1258.695
2021,Debreberhane,DB21FBNHP01,1,51,11,3,3,15,80,,74.66666667,41.6,2442.5056
2021,Debreberhane,DB21FBNHP01,1,54,14,3,3,16,79,,100.3333333,49.2,5240.082
2021,Debreberhane,DB21FBNHP01,1,48,8,3,3,17,80,,74.33333333,31.6,1665.3812
2021,Debreberhane,DB21FBNHP01,1,42,2,3,3,18,86,,59,38.4,1339.056
2021,Debreberhane,DB21FBNHP01,1,55,15,3,3,19,85,,98.33333333,51.6,4280.4028
2021,Debreberhane,DB21FBNHP01,1,47,7,3,3,20,87,,71,50,1187.253
2021,Debremarkose,DM21FBNHP01,1,15,15,1,1,1,72,99,123.67,54,6375
2021,Debremarkose,DM21FBNHP01,1,19,19,1,1,2,83,103,135.33,58.8,4937.5
2021,Debremarkose,DM21FBNHP01,1,11,11,1,1,3,68,98,108.33,43.6,5605
2021,Debremarkose,DM21FBNHP01,1,2,2,1,1,4,80,100,122.33,32.8,4202.5
2021,Debremarkose,DM21FBNHP01,1,1,1,1,1,5,66,91,103.33,37.6,5047.5
2021,Debremarkose,DM21FBNHP01,1,8,8,1,1,6,63,90,107.33,37.6,4650
2021,Debremarkose,DM21FBNHP01,1,18,18,1,1,7,71,92,108.67,27.6,3542.5
2021,Debremarkose,DM21FBNHP01,1,7,7,1,1,8,61,96,105,42.8,5250
2021,Debremarkose,DM21FBNHP01,1,6,6,1,1,9,68,94,98.67,32.4,5962.5
2021,Debremarkose,DM21FBNHP01,1,13,13,1,1,10,64,93,113,40,5982.5
2021,Debremarkose,DM21FBNHP01,1,5,5,1,1,11,65,98,105.33,44.4,6122.5
2021,Debremarkose,DM21FBNHP01,1,20,20,1,1,12,64,89,104.67,44,6852.5
2021,Debremarkose,DM21FBNHP01,1,4,4,1,1,13,66,95,105,42.4,6787.5
2021,Debremarkose,DM21FBNHP01,1,10,10,1,1,14,61,96,116.67,44.8,6125
2021,Debremarkose,DM21FBNHP01,1,14,14,1,1,15,64,89,108.33,31.2,5810
2021,Debremarkose,DM21FBNHP01,1,9,9,1,1,16,64,95,118,44.8,6325
2021,Debremarkose,DM21FBNHP01,1,12,12,1,1,17,65,92,102.67,42,6200
2021,Debremarkose,DM21FBNHP01,1,16,16,1,1,18,63,90,96,32.4,6150
2021,Debremarkose,DM21FBNHP01,1,17,17,1,1,19,68,91,113.33,43.6,4920
2021,Debremarkose,DM21FBNHP01,1,3,3,1,1,20,65,92,109.67,46.8,6350
2021,Debremarkose,DM21FBNHP01,1,36,5,2,2,1,68,94,126.33,54.8,4592.5
2021,Debremarkose,DM21FBNHP01,1,27,14,2,2,2,78,102,129.67,52.4,5762.5
2021,Debremarkose,DM21FBNHP01,1,28,13,2,2,3,65,93,118.67,45.2,5437.5
2021,Debremarkose,DM21FBNHP01,1,31,10,2,2,4,80,96,125,27.6,3487.5
2021,Debremarkose,DM21FBNHP01,1,23,18,2,2,5,64,91,106.33,35.6,5790
2021,Debremarkose,DM21FBNHP01,1,32,9,2,2,6,64,89,107,33.6,3957.5
2021,Debremarkose,DM21FBNHP01,1,33,8,2,2,7,64,93,96.33,29.6,3022.5
2021,Debremarkose,DM21FBNHP01,1,38,3,2,2,8,62,93,107.33,42.4,6195
2021,Debremarkose,DM21FBNHP01,1,25,16,2,2,9,69,90,102.67,28,5045
2021,Debremarkose,DM21FBNHP01,1,40,1,2,2,10,62,90,118.33,38.4,6067.5
2021,Debremarkose,DM21FBNHP01,1,26,15,2,2,11,65,90,106.67,41.6,6687.5
2021,Debremarkose,DM21FBNHP01,1,30,11,2,2,12,66,81,104.33,42.4,6312.5
2021,Debremarkose,DM21FBNHP01,1,29,12,2,2,13,69,90,112.67,39.2,6130
2021,Debremarkose,DM21FBNHP01,1,21,20,2,2,14,63,93,117.33,43.6,7005
2021,Debremarkose,DM21FBNHP01,1,34,7,2,2,15,64,91,111.67,37.6,5595
2021,Debremarkose,DM21FBNHP01,1,35,6,2,2,16,64,91,125.67,44.4,6067.5
2021,Debremarkose,DM21FBNHP01,1,37,4,2,2,17,63,88,111,42.4,5627.5
2021,Debremarkose,DM21FBNHP01,1,39,2,2,2,18,66,89,106,29.2,3410
2021,Debremarkose,DM21FBNHP01,1,22,19,2,2,19,72,102,117,44.4,6497.5
2021,Debremarkose,DM21FBNHP01,1,24,17,2,2,20,64,89,111,42.4,6450
2021,Debremarkose,DM21FBNHP01,1,43,3,3,3,1,69,87,124.33,54,5925
2021,Debremarkose,DM21FBNHP01,1,56,16,3,3,2,78,101,126,48.4,5510
2021,Debremarkose,DM21FBNHP01,1,58,18,3,3,3,69,97,113.67,40.4,5457.5
2021,Debremarkose,DM21FBNHP01,1,50,10,3,3,4,79,86,119.33,33.6,3460
2021,Debremarkose,DM21FBNHP01,1,60,20,3,3,5,64,91,112.67,36.4,4417.5
2021,Debremarkose,DM21FBNHP01,1,52,12,3,3,6,64,91,118.33,36,5055
2021,Debremarkose,DM21FBNHP01,1,51,11,3,3,7,70,95,107.33,27.2,3452.5
2021,Debremarkose,DM21FBNHP01,1,54,14,3,3,8,62,94,105.33,39.6,4682.5
2021,Debremarkose,DM21FBNHP01,1,42,2,3,3,9,64,95,101.67,27.6,5030
2021,Debremarkose,DM21FBNHP01,1,49,9,3,3,10,64,89,113.33,38,5872.5
2021,Debremarkose,DM21FBNHP01,1,46,6,3,3,11,66,92,107.67,43.6,6285
2021,Debremarkose,DM21FBNHP01,1,47,7,3,3,12,66,90,107,41.2,6685
2021,Debremarkose,DM21FBNHP01,1,41,1,3,3,13,67,94,118,32.4,6310
2021,Debremarkose,DM21FBNHP01,1,44,4,3,3,14,60,85,125,46.4,5827.5
2021,Debremarkose,DM21FBNHP01,1,55,15,3,3,15,66,92,105,33.2,5650
2021,Debremarkose,DM21FBNHP01,1,59,19,3,3,16,65,95,119.67,44.4,5387.5
2021,Debremarkose,DM21FBNHP01,1,48,8,3,3,17,64,88,106,40.4,5300
2021,Debremarkose,DM21FBNHP01,1,45,5,3,3,18,66,92,107.67,30.8,3640
2021,Debremarkose,DM21FBNHP01,1,53,13,3,3,19,69,87,118,42.4,5065
2021,Debremarkose,DM21FBNHP01,1,57,17,3,3,20,67,96,106.33,44,5832.5
2021,Holetta,HO21FBNHP01,1,11,11,1,1,1,85,140,121.7,53.6,6720.087
2021,Holetta,HO21FBNHP01,1,8,8,1,1,2,98,151,121.7,59.2,4211.662
2021,Holetta,HO21FBNHP01,1,19,19,1,1,3,80,140,111.7,45.6,5201.5
2021,Holetta,HO21FBNHP01,1,3,3,1,1,4,95,144,121.7,44.8,4797.5958
2021,Holetta,HO21FBNHP01,1,15,15,1,1,5,80,133,108.3,39.6,5920.488
2021,Holetta,HO21FBNHP01,1,17,17,1,1,6,76,127,106.7,34.4,5455.1406
2021,Holetta,HO21FBNHP01,1,2,2,1,1,7,87,135,115,36.8,4294.276
2021,Holetta,HO21FBNHP01,1,4,4,1,1,8,80,135,92,43.6,3878.7528
2021,Holetta,HO21FBNHP01,1,5,5,1,1,9,91,141,103.5,35.2,5345.9868
2021,Holetta,HO21FBNHP01,1,6,6,1,1,10,82,133,113.3,42.8,4372.7008
2021,Holetta,HO21FBNHP01,1,13,13,1,1,11,81,133,103.3,48.4,5407.02
2021,Holetta,HO21FBNHP01,1,7,7,1,1,12,81,133,100,42.8,5325.8624
2021,Holetta,HO21FBNHP01,1,10,10,1,1,13,80,133,110.3,41.2,6026.59
2021,Holetta,HO21FBNHP01,1,9,9,1,1,14,81,133,121.7,44.4,4967.599
2021,Holetta,HO21FBNHP01,1,18,18,1,1,15,80,129,110,38.8,5713.3836
2021,Holetta,HO21FBNHP01,1,14,14,1,1,16,78,129,108.3,39.2,5878.5152
2021,Holetta,HO21FBNHP01,1,16,16,1,1,17,79,133,105,42.8,6795.0344
2021,Holetta,HO21FBNHP01,1,20,20,1,1,18,75,127,103.3,35.6,4603.6224
2021,Holetta,HO21FBNHP01,1,12,12,1,1,19,81,135,116.7,45.2,6906.9858
2021,Holetta,HO21FBNHP01,1,1,1,1,1,20,83,135,113.3,48.4,6100.3776
2021,Holetta,HO21FBNHP01,1,36,5,2,2,1,85,136,118.3,55.2,5548.188
2021,Holetta,HO21FBNHP01,1,38,3,2,2,2,93,142,128.3,54.4,4908.9306
2021,Holetta,HO21FBNHP01,1,35,6,2,2,3,81,135,108.3,49.2,5211.885
2021,Holetta,HO21FBNHP01,1,21,20,2,2,4,90,140,133.3,41.2,4692.1576
2021,Holetta,HO21FBNHP01,1,25,16,2,2,5,82,133,105,39.2,5751.275
2021,Holetta,HO21FBNHP01,1,33,8,2,2,6,78,127,108.3,35.6,4202.0244
2021,Holetta,HO21FBNHP01,1,28,13,2,2,7,90,133,110,34.4,2857.239
2021,Holetta,HO21FBNHP01,1,24,17,2,2,8,78,133,91.7,42.8,4702.1568
2021,Holetta,HO21FBNHP01,1,37,4,2,2,9,85,136,101.7,34.8,5031.5264
2021,Holetta,HO21FBNHP01,1,31,10,2,2,10,81,129,105,43.2,4209.0312
2021,Holetta,HO21FBNHP01,1,23,18,2,2,11,81,133,98.3,43.2,4811.94
2021,Holetta,HO21FBNHP01,1,32,9,2,2,12,81,133,98.3,40.8,4621.4354
2021,Holetta,HO21FBNHP01,1,30,11,2,2,13,81,129,105,38.8,4376.882
2021,Holetta,HO21FBNHP01,1,27,14,2,2,14,79,133,103.3,43.6,3920.9976
2021,Holetta,HO21FBNHP01,1,34,7,2,2,15,81,129,100,39.2,4101.435
2021,Holetta,HO21FBNHP01,1,39,2,2,2,16,79,133,120,40,5523.795
2021,Holetta,HO21FBNHP01,1,40,1,2,2,17,80,133,88.3,43.6,4305.9896
2021,Holetta,HO21FBNHP01,1,26,15,2,2,18,81,127,90,39.6,3770
2021,Holetta,HO21FBNHP01,1,22,19,2,2,19,83,136,110,44.4,5467.8634
2021,Holetta,HO21FBNHP01,1,29,12,2,2,20,82,135,101.7,47.2,4757.1546
2021,Holetta,HO21FBNHP01,1,55,15,3,3,1,87,142,120,56.8,5525.952
2021,Holetta,HO21FBNHP01,1,52,12,3,3,2,90,140,128.3,55.6,4479.2
2021,Holetta,HO21FBNHP01,1,54,14,3,3,3,85,141,116.7,50.4,4863.2104
2021,Holetta,HO21FBNHP01,1,45,5,3,3,4,93,135,131.7,42.4,5030.8972
2021,Holetta,HO21FBNHP01,1,50,10,3,3,5,80,129,105,42.8,6156.104
2021,Holetta,HO21FBNHP01,1,49,9,3,3,6,76,127,110,35.6,3533.724
2021,Holetta,HO21FBNHP01,1,57,17,3,3,7,85,133,115,36.8,4635.0276
2021,Holetta,HO21FBNHP01,1,53,13,3,3,8,81,133,96.7,45.2,3953.724
2021,Holetta,HO21FBNHP01,1,42,2,3,3,9,83,135,93.3,35.2,5257.9856
2021,Holetta,HO21FBNHP01,1,47,7,3,3,10,80,129,105,44.8,4602.015
2021,Holetta,HO21FBNHP01,1,59,19,3,3,11,81,133,101.7,40,3863.4472
2021,Holetta,HO21FBNHP01,1,41,1,3,3,12,80,129,83.3,40.4,4159.5554
2021,Holetta,HO21FBNHP01,1,43,3,3,3,13,80,133,95,40.4,4323.564
2021,Holetta,HO21FBNHP01,1,51,11,3,3,14,76,127,113.3,42.4,4229.765
2021,Holetta,HO21FBNHP01,1,46,6,3,3,15,76,127,98.3,40,4430.648
2021,Holetta,HO21FBNHP01,1,56,16,3,3,16,81,133,108.3,45.2,4163.755
2021,Holetta,HO21FBNHP01,1,44,4,3,3,17,81,133,98.3,46.8,4695.1212
2021,Holetta,HO21FBNHP01,1,58,18,3,3,18,80,127,103.3,36.4,4591.6
2021,Holetta,HO21FBNHP01,1,60,20,3,3,19,82,135,123.3,42.8,5346.192
2021,Holetta,HO21FBNHP01,1,48,8,3,3,20,80,133,111.7,39.2,5152.851
2021,Jeldu,JL21FBNHP01,1,20,20,1,1,1,82,,113.3333333,54.4,6466.315
2021,Jeldu,JL21FBNHP01,1,19,19,1,1,2,89,,131,56,7655.7
2021,Jeldu,JL21FBNHP01,1,15,15,1,1,3,79,,126.6666667,46.4,7491.4842
2021,Jeldu,JL21FBNHP01,1,14,14,1,1,4,90,,120,42.8,6713.71
2021,Jeldu,JL21FBNHP01,1,1,1,1,1,5,78,,105,46.4,9872.0106
2021,Jeldu,JL21FBNHP01,1,3,3,1,1,6,75,,103.3333333,39.6,4529.85
2021,Jeldu,JL21FBNHP01,1,17,17,1,1,7,85,,118.3333333,37.2,6612.6986
2021,Jeldu,JL21FBNHP01,1,8,8,1,1,8,73,,106.6666667,47.2,7669.5134
2021,Jeldu,JL21FBNHP01,1,4,4,1,1,9,85,,100,36,6736.5132
2021,Jeldu,JL21FBNHP01,1,13,13,1,1,10,74,,116.6666667,44.4,6115.954
2021,Jeldu,JL21FBNHP01,1,2,2,1,1,11,77,,105,39.6,8824.9158
2021,Jeldu,JL21FBNHP01,1,11,11,1,1,12,77,,110,39.2,9451.494
2021,Jeldu,JL21FBNHP01,1,18,18,1,1,13,79,,121.6666667,43.6,8145.2746
2021,Jeldu,JL21FBNHP01,1,9,9,1,1,14,72,,118.3333333,46.8,6694.512
2021,Jeldu,JL21FBNHP01,1,7,7,1,1,15,76,,110,46.4,8609.487
2021,Jeldu,JL21FBNHP01,1,10,10,1,1,16,74,,111.6666667,44.4,8916.8224
2021,Jeldu,JL21FBNHP01,1,16,16,1,1,17,76,,118.3333333,45.6,8927.226
2021,Jeldu,JL21FBNHP01,1,6,6,1,1,18,76,,105,39.2,7292.67
2021,Jeldu,JL21FBNHP01,1,5,5,1,1,19,79,,115,46.8,6867.4164
2021,Jeldu,JL21FBNHP01,1,12,12,1,1,20,78,,111.6666667,43.2,9118.2158
2021,Jeldu,JL21FBNHP01,1,32,9,2,2,1,85,,116.6666667,56,7856.5356
2021,Jeldu,JL21FBNHP01,1,38,3,2,2,2,92,,135.6666667,55.6,6744.8064
2021,Jeldu,JL21FBNHP01,1,29,12,2,2,3,79,,125.6666667,47.2,7709.2048
2021,Jeldu,JL21FBNHP01,1,35,6,2,2,4,92,,112.3333333,42,7891.5132
2021,Jeldu,JL21FBNHP01,1,34,7,2,2,5,78,,112.6666667,40.8,9397.073
2021,Jeldu,JL21FBNHP01,1,28,13,2,2,6,76,,113.3333333,41.2,
2021,Jeldu,JL21FBNHP01,1,21,20,2,2,7,85,,100,37.6,6296.3316
2021,Jeldu,JL21FBNHP01,1,40,1,2,2,8,77,,70.66666667,36.8,
2021,Jeldu,JL21FBNHP01,1,36,5,2,2,9,88,,86.66666667,36.8,4000.995
2021,Jeldu,JL21FBNHP01,1,22,19,2,2,10,76,,106,43.6,7129.9976
2021,Jeldu,JL21FBNHP01,1,30,11,2,2,11,81,,108.3333333,43.6,9610.1544
2021,Jeldu,JL21FBNHP01,1,31,10,2,2,12,79,,104.3333333,40.4,10221.806
2021,Jeldu,JL21FBNHP01,1,23,18,2,2,13,79,,110,47.6,9377.892
2021,Jeldu,JL21FBNHP01,1,33,8,2,2,14,73,,115,50.8,9241.2292
2021,Jeldu,JL21FBNHP01,1,39,2,2,2,15,79,,100,45.2,5148.6864
2021,Jeldu,JL21FBNHP01,1,24,17,2,2,16,74,,118.3333333,48.4,10951.757
2021,Jeldu,JL21FBNHP01,1,27,14,2,2,17,76,,105,48,8897.616
2021,Jeldu,JL21FBNHP01,1,26,15,2,2,18,77,,109.3333333,39.6,8087.4948
2021,Jeldu,JL21FBNHP01,1,37,4,2,2,19,81,,111.6666667,49.6,8233.8348
2021,Jeldu,JL21FBNHP01,1,25,16,2,2,20,80,,112.6666667,52,9795.132
2021,Jeldu,JL21FBNHP01,1,44,4,3,3,1,87,,126.3333333,63.2,9142.856
2021,Jeldu,JL21FBNHP01,1,49,9,3,3,2,87,,138.3333333,56.4,7925.2012
2021,Jeldu,JL21FBNHP01,1,41,1,3,3,3,81,,108.3333333,50.4,5279.7552
2021,Jeldu,JL21FBNHP01,1,51,11,3,3,4,88,,126.6666667,40,7484.352
2021,Jeldu,JL21FBNHP01,1,48,8,3,3,5,78,,116.6666667,45.2,9288.72
2021,Jeldu,JL21FBNHP01,1,45,5,3,3,6,79,,86,36.8,2329.138
2021,Jeldu,JL21FBNHP01,1,52,12,3,3,7,85,,106.6666667,37.2,8831.515
2021,Jeldu,JL21FBNHP01,1,59,19,3,3,8,77,,95,39.6,8200.8432
2021,Jeldu,JL21FBNHP01,1,46,6,3,3,9,87,,79,35.6,2576.308
2021,Jeldu,JL21FBNHP01,1,50,10,3,3,10,76,,105,46,6567.1592
2021,Jeldu,JL21FBNHP01,1,55,15,3,3,11,81,,105,45.2,7952.4984
2021,Jeldu,JL21FBNHP01,1,47,7,3,3,12,79,,100,40,9298.0256
2021,Jeldu,JL21FBNHP01,1,56,16,3,3,13,81,,113.3333333,44.4,7800.876
2021,Jeldu,JL21FBNHP01,1,42,2,3,3,14,74,,110,48.8,8318.016
2021,Jeldu,JL21FBNHP01,1,43,3,3,3,15,78,,110,41.2,7935.1584
2021,Jeldu,JL21FBNHP01,1,58,18,3,3,16,76,,105,42.4,7587.4532
2021,Jeldu,JL21FBNHP01,1,57,17,3,3,17,78,,101.6666667,38.4,6518.7248
2021,Jeldu,JL21FBNHP01,1,53,13,3,3,18,79,,96.66666667,40.8,6088.8996
2021,Jeldu,JL21FBNHP01,1,54,14,3,3,19,80,,105,52.4,8816.1696
2021,Jeldu,JL21FBNHP01,1,60,20,3,3,20,80,,100,48,7759.71
2021,Kofele,KF21FBNHP01,1,11,11,1,1,1,94,159,135,58,6072.2
2021,Kofele,KF21FBNHP01,1,8,8,1,1,2,95,159,145,60.5,5319.2
2021,Kofele,KF21FBNHP01,1,19,19,1,1,3,95,154,130,49.9,6328.8
2021,Kofele,KF21FBNHP01,1,3,3,1,1,4,98,160,130,44.1,6111.8
2021,Kofele,KF21FBNHP01,1,15,15,1,1,5,84,149,125,45.5,8881
2021,Kofele,KF21FBNHP01,1,17,17,1,1,6,80,144,120,46.3,7140.4
2021,Kofele,KF21FBNHP01,1,2,2,1,1,7,89,153,120,38.8,5527
2021,Kofele,KF21FBNHP01,1,4,4,1,1,8,80,149,90,40.5,1723.4
2021,Kofele,KF21FBNHP01,1,5,5,1,1,9,92,156,95,36.6,2572.2
2021,Kofele,KF21FBNHP01,1,6,6,1,1,10,82,154,90,34.4,1537.2
2021,Kofele,KF21FBNHP01,1,13,13,1,1,11,84,148,115,47.7,7658.4
2021,Kofele,KF21FBNHP01,1,7,7,1,1,12,84,148,100,43.2,4138.6
2021,Kofele,KF21FBNHP01,1,10,10,1,1,13,84,145,120,44.5,5932
2021,Kofele,KF21FBNHP01,1,9,9,1,1,14,82,146,125,49.9,6429.2
2021,Kofele,KF21FBNHP01,1,18,18,1,1,15,82,146,110,40.8,4518.2
2021,Kofele,KF21FBNHP01,1,14,14,1,1,16,81,148,115,46.3,7178
2021,Kofele,KF21FBNHP01,1,16,16,1,1,17,84,146,115,47.1,5171
2021,Kofele,KF21FBNHP01,1,20,20,1,1,18,88,148,110,40.9,5558.2
2021,Kofele,KF21FBNHP01,1,12,12,1,1,19,87,151,120,49.4,6871.2
2021,Kofele,KF21FBNHP01,1,1,1,1,1,20,82,154,115,51.1,6140.4
2021,Kofele,KF21FBNHP01,1,36,5,2,2,1,92,125,120,57.3,6822.8
2021,Kofele,KF21FBNHP01,1,38,3,2,2,2,95,158,145,58.2,4944.6
2021,Kofele,KF21FBNHP01,1,35,6,2,2,3,94,156,145,49.3,3140.2
2021,Kofele,KF21FBNHP01,1,21,20,2,2,4,106,160,135,43.5,7252.2
2021,Kofele,KF21FBNHP01,1,25,16,2,2,5,88,150,115,46,6982.6
2021,Kofele,KF21FBNHP01,1,33,8,2,2,6,80,145,100,41.3,2636.4
2021,Kofele,KF21FBNHP01,1,28,13,2,2,7,92,152,120,39.7,6871.2
2021,Kofele,KF21FBNHP01,1,24,17,2,2,8,81,150,110,44.3,4211.2
2021,Kofele,KF21FBNHP01,1,37,4,2,2,9,90,151,95,38.7,1474.4
2021,Kofele,KF21FBNHP01,1,31,10,2,2,10,82,146,110,43.9,3878.4
2021,Kofele,KF21FBNHP01,1,23,18,2,2,11,90,150,100,46.1,5100.4
2021,Kofele,KF21FBNHP01,1,32,9,2,2,12,84,145,105,49.7,7407.2
2021,Kofele,KF21FBNHP01,1,30,11,2,2,13,84,148,115,47.5,6874.6
2021,Kofele,KF21FBNHP01,1,27,14,2,2,14,79,145,115,50.6,6701.4
2021,Kofele,KF21FBNHP01,1,34,7,2,2,15,80,148,105,41.8,5359.2
2021,Kofele,KF21FBNHP01,1,39,2,2,2,16,78,145,120,44,5382.2
2021,Kofele,KF21FBNHP01,1,40,1,2,2,17,86,146,105,43.4,3311.8
2021,Kofele,KF21FBNHP01,1,26,15,2,2,18,86,149,110,39.5,5152
2021,Kofele,KF21FBNHP01,1,22,19,2,2,19,92,153,115,49.1,5384.6
2021,Kofele,KF21FBNHP01,1,29,12,2,2,20,86,152,120,49.4,7139
2021,Kofele,KF21FBNHP01,1,55,15,3,3,1,95,160,130,57.1,6466.4
2021,Kofele,KF21FBNHP01,1,52,12,3,3,2,96,160,135,57.4,5074.4
2021,Kofele,KF21FBNHP01,1,54,14,3,3,3,97,162,135,48.9,3997.6
2021,Kofele,KF21FBNHP01,1,45,5,3,3,4,99,159,125,42.9,7094.8
2021,Kofele,KF21FBNHP01,1,50,10,3,3,5,84,151,120,44.9,7450.2
2021,Kofele,KF21FBNHP01,1,49,9,3,3,6,82,148,110,39.2,1039.2
2021,Kofele,KF21FBNHP01,1,57,17,3,3,7,95,151,115,38.9,5980.4
2021,Kofele,KF21FBNHP01,1,53,13,3,3,8,79,149,105,44.3,4397
2021,Kofele,KF21FBNHP01,1,42,2,3,3,9,92,156,85,38.3,2038.8
2021,Kofele,KF21FBNHP01,1,47,7,3,3,10,84,149,95,39.6,1702.8
2021,Kofele,KF21FBNHP01,1,59,19,3,3,11,86,150,105,48.1,
2021,Kofele,KF21FBNHP01,1,41,1,3,3,12,81,145,105,47.4,5703.2
2021,Kofele,KF21FBNHP01,1,43,3,3,3,13,82,148,105,44.8,4271.8
2021,Kofele,KF21FBNHP01,1,51,11,3,3,14,80,150,130,49.9,6173.8
2021,Kofele,KF21FBNHP01,1,46,6,3,3,15,84,150,100,41.6,3677
2021,Kofele,KF21FBNHP01,1,56,16,3,3,16,80,149,110,48.1,6183.6
2021,Kofele,KF21FBNHP01,1,44,4,3,3,17,84,149,105,42.8,3375.6
2021,Kofele,KF21FBNHP01,1,58,18,3,3,18,92,149,110,38.9,5745.8
2021,Kofele,KF21FBNHP01,1,60,20,3,3,19,94,156,120,52.3,5060
2021,Kofele,KF21FBNHP01,1,48,8,3,3,20,86,152,110,49.1,6087.2
2022,Holetta,HO22FBNHP01,1,1,1,1,1,29,76,132,73,37.2,3874.541752
2022,Holetta,HO22FBNHP01,1,2,2,1,1,3,72,126,112,44,5081.993896
2022,Holetta,HO22FBNHP01,1,3,3,1,1,11,76,132,94.33333333,50.4,4157.820383
2022,Holetta,HO22FBNHP01,1,4,4,1,1,31,71,127,74.33333333,40.4,3199.190283
2022,Holetta,HO22FBNHP01,1,5,5,1,1,30,78,135,101.6666667,52,5428.746177
2022,Holetta,HO22FBNHP01,1,6,6,1,1,21,80,135,109.6666667,50.4,6556.778797
2022,Holetta,HO22FBNHP01,1,7,6,2,1,12,71,126,101.3333333,48.4,5639.637827
2022,Holetta,HO22FBNHP01,1,8,5,2,1,20,78,129,95.66666667,44.4,4664.634146
2022,Holetta,HO22FBNHP01,1,9,4,2,1,27,72,126,93.33333333,39.2,4569.450102
2022,Holetta,HO22FBNHP01,1,10,3,2,1,5,73,122,99.66666667,44,4497.363083
2022,Holetta,HO22FBNHP01,1,11,2,2,1,14,67,122,96.33333333,47.2,4179.001019
2022,Holetta,HO22FBNHP01,1,12,1,2,1,2,75,126,97.33333333,42.4,4952.631579
2022,Holetta,HO22FBNHP01,1,13,1,3,1,22,83,135,125,38.8,4027.789047
2022,Holetta,HO22FBNHP01,1,14,2,3,1,32,77,132,83.33333333,39.6,3218.951613
2022,Holetta,HO22FBNHP01,1,15,3,3,1,15,84,132,125,32,6410.376399
2022,Holetta,HO22FBNHP01,1,16,4,3,1,23,73,132,90,40.8,5122.824974
2022,Holetta,HO22FBNHP01,1,17,5,3,1,6,75,132,115.3333333,56.4,5744.813696
2022,Holetta,HO22FBNHP01,1,18,6,3,1,18,80,135,116,53.2,4916.129032
2022,Holetta,HO22FBNHP01,1,19,1,4,1,34,78,136,96.66666667,43.2,5212.348178
2022,Holetta,HO22FBNHP01,1,20,2,4,1,10,77,136,128,52.4,4653.754941
2022,Holetta,HO22FBNHP01,1,21,3,4,1,28,69,131,100.6666667,37.2,5848.484848
2022,Holetta,HO22FBNHP01,1,22,4,4,1,4,73,122,98.33333333,40,5176.267748
2022,Holetta,HO22FBNHP01,1,23,5,4,1,36,77,136,102.3333333,46,2369.433198
2022,Holetta,HO22FBNHP01,1,24,6,4,1,33,73,132,95,44.4,5465.517241
2022,Holetta,HO22FBNHP01,1,25,6,5,1,9,89,137,117,34.8,5452.129817
2022,Holetta,HO22FBNHP01,1,26,5,5,1,13,81,132,97.33333333,32,4992.922144
2022,Holetta,HO22FBNHP01,1,27,4,5,1,16,80,136,89.33333333,29.6,3397.959184
2022,Holetta,HO22FBNHP01,1,28,3,5,1,25,75,132,75,28.8,4719.91911
2022,Holetta,HO22FBNHP01,1,29,2,5,1,24,75,132,109.6666667,37.2,6058.383838
2022,Holetta,HO22FBNHP01,1,30,1,5,1,1,75,126,92,43.2,5697.55102
2022,Holetta,HO22FBNHP01,1,31,1,6,1,35,75,136,103.3333333,45.6,6169.617706
2022,Holetta,HO22FBNHP01,1,32,2,6,1,26,75,132,95.66666667,42,5840.24024
2022,Holetta,HO22FBNHP01,1,33,3,6,1,8,73,126,91.33333333,44.8,4223.814329
2022,Holetta,HO22FBNHP01,1,34,4,6,1,7,68,122,102.3333333,43.6,4752.178318
2022,Holetta,HO22FBNHP01,1,35,5,6,1,19,75,137,85.33333333,42.8,5545.454545
2022,Holetta,HO22FBNHP01,1,36,6,6,1,17,80,136,72.66666667,33.6,1267.005076
2022,Holetta,HO22FBNHP01,1,37,1,7,2,4,71,122,98.33333333,45.2,5708.299595
2022,Holetta,HO22FBNHP01,1,38,2,7,2,25,72,126,82,28,5015.555556
2022,Holetta,HO22FBNHP01,1,39,3,7,2,7,70,122,108,47.6,4658.763931
2022,Holetta,HO22FBNHP01,1,40,4,7,2,5,72,122,101.6666667,44.4,5606.262626
2022,Holetta,HO22FBNHP01,1,41,5,7,2,23,73,128,92.33333333,44.8,5776.930792
2022,Holetta,HO22FBNHP01,1,42,6,7,2,31,68,122,77.33333333,40,3334.817814
2022,Holetta,HO22FBNHP01,1,43,6,8,2,34,78,136,97,44,4568.839104
2022,Holetta,HO22FBNHP01,1,44,5,8,2,9,85,132,103.3333333,38.4,4413.00813
2022,Holetta,HO22FBNHP01,1,45,4,8,2,35,73,126,100.3333333,42.4,4220.554985
2022,Holetta,HO22FBNHP01,1,46,3,8,2,12,69,122,104.3333333,43.2,5335.211268
2022,Holetta,HO22FBNHP01,1,47,2,8,2,22,78,131,120.6666667,37.2,5147.283702
2022,Holetta,HO22FBNHP01,1,48,1,8,2,29,75,126,72,40.8,3636.548223
2022,Holetta,HO22FBNHP01,1,49,1,9,2,36,77,128,108.6666667,46.8,5284.04908
2022,Holetta,HO22FBNHP01,1,50,2,9,2,24,73,126,108.6666667,32,5563.823227
2022,Holetta,HO22FBNHP01,1,51,3,9,2,19,72,126,90.33333333,43.8,6629.149798
2022,Holetta,HO22FBNHP01,1,52,4,9,2,14,66,122,99,48.4,6402.235772
2022,Holetta,HO22FBNHP01,1,53,5,9,2,6,76,132,106.3333333,59.2,5761.727184
2022,Holetta,HO22FBNHP01,1,54,6,9,2,30,75,128,101,41.2,5833.097881
2022,Holetta,HO22FBNHP01,1,55,1,10,2,33,72,122,97,37.6,4426.25641
2022,Holetta,HO22FBNHP01,1,56,2,10,2,1,71,126,92.66666667,35.6,5932.99389
2022,Holetta,HO22FBNHP01,1,57,3,10,2,17,78,133,86.66666667,34.8,3796.938776
2022,Holetta,HO22FBNHP01,1,58,4,10,2,2,74,126,96.66666667,40.4,7225.252525
2022,Holetta,HO22FBNHP01,1,59,5,10,2,18,81,136,110,52.8,3557.788945
2022,Holetta,HO22FBNHP01,1,60,6,10,2,21,80,137,103,44.4,7483.983573
2022,Holetta,HO22FBNHP01,1,61,6,11,2,10,80,136,123.3333333,52.8,5707.72317
2022,Holetta,HO22FBNHP01,1,62,5,11,2,13,81,128,97.33333333,32.4,4618.072289
2022,Holetta,HO22FBNHP01,1,63,4,11,2,26,74,128,101.6666667,45.2,6510.365854
2022,Holetta,HO22FBNHP01,1,64,3,11,2,20,78,127,95.66666667,45.2,5837.959184
2022,Holetta,HO22FBNHP01,1,65,2,11,2,32,77,126,76.33333333,39.2,2412.004069
2022,Holetta,HO22FBNHP01,1,66,1,11,2,3,68,122,100.6666667,40.4,5660.182371
2022,Holetta,HO22FBNHP01,1,67,1,12,2,28,68,126,115.3333333,39.4,6574.56765
2022,Holetta,HO22FBNHP01,1,68,2,12,2,16,75,128,92.33333333,43.2,3811.044177
2022,Holetta,HO22FBNHP01,1,69,3,12,2,8,72,126,91.66666667,48,4833.6714
2022,Holetta,HO22FBNHP01,1,70,4,12,2,27,70,122,89.66666667,38,4928.658537
2022,Holetta,HO22FBNHP01,1,71,5,12,2,15,80,128,117,32,5489.134809
2022,Holetta,HO22FBNHP01,1,72,6,12,2,11,75,129,68,45.2,4661.22449
2022,Holetta,HO22FBNHP01,1,73,1,13,3,10,78,132,122,56,4221.792261
2022,Holetta,HO22FBNHP01,1,74,2,13,3,9,86,133,103.6666667,37.6,4313.096447
2022,Holetta,HO22FBNHP01,1,75,3,13,3,8,76,126,101.6666667,44.8,4827.071935
2022,Holetta,HO22FBNHP01,1,76,4,13,3,14,75,128,96.66666667,48.8,3541.453429
2022,Holetta,HO22FBNHP01,1,77,5,13,3,18,83,136,111,48.8,3589.216684
2022,Holetta,HO22FBNHP01,1,78,6,13,3,31,76,136,72.66666667,40.8,1955.353535
2022,Holetta,HO22FBNHP01,1,79,6,14,3,36,81,136,107,50.8,3504.540868
2022,Holetta,HO22FBNHP01,1,80,5,14,3,25,75,128,61,31.6,2555.420466
2022,Holetta,HO22FBNHP01,1,81,4,14,3,17,83,132,75.33333333,38.8,2012.096774
2022,Holetta,HO22FBNHP01,1,82,3,14,3,20,82,132,78.66666667,47.6,2392.849847
2022,Holetta,HO22FBNHP01,1,83,2,14,3,15,81,132,116,34,5416.938776
2022,Holetta,HO22FBNHP01,1,84,1,14,3,29,74,128,77.66666667,44,4039.551478
2022,Holetta,HO22FBNHP01,1,85,1,15,3,34,76,129,100,43.2,5263.254862
2022,Holetta,HO22FBNHP01,1,86,2,15,3,1,74,122,81.33333333,44.4,4119.191919
2022,Holetta,HO22FBNHP01,1,87,3,15,3,26,75,126,100.3333333,48.8,3771.629779
2022,Holetta,HO22FBNHP01,1,88,4,15,3,5,73,122,94.66666667,42.8,3618.14475
2022,Holetta,HO22FBNHP01,1,89,5,15,3,6,77,132,99,50,2420.73922
2022,Holetta,HO22FBNHP01,1,90,6,15,3,11,74,126,99,47.2,2742.510121
2022,Holetta,HO22FBNHP01,1,91,1,16,3,33,71,122,97.33333333,47.2,5785.117227
2022,Holetta,HO22FBNHP01,1,92,2,16,3,24,72,126,108.6666667,37.2,4477.766497
2022,Holetta,HO22FBNHP01,1,93,3,16,3,35,74,122,97.66666667,44.4,4105.476673
2022,Holetta,HO22FBNHP01,1,94,4,16,3,27,68,113,80.33333333,36,2062.640737
2022,Holetta,HO22FBNHP01,1,95,5,16,3,23,72,126,82,40.8,3617.177914
2022,Holetta,HO22FBNHP01,1,96,6,16,3,3,67,122,109,41.6,6693.724696
2022,Holetta,HO22FBNHP01,1,97,6,17,3,28,68,126,104.6666667,36.4,6331.987891
2022,Holetta,HO22FBNHP01,1,98,5,17,3,13,78,128,93,37.6,4453.698075
2022,Holetta,HO22FBNHP01,1,99,4,17,3,7,68,122,107,45.2,4106.910569
2022,Holetta,HO22FBNHP01,1,100,3,17,3,2,73,122,100.6666667,44.4,4562.398374
2022,Holetta,HO22FBNHP01,1,101,2,17,3,22,81,131,114.3333333,37.6,4760.081054
2022,Holetta,HO22FBNHP01,1,102,1,17,3,30,74,128,114.6666667,52.4,5359.8778
2022,Holetta,HO22FBNHP01,1,103,1,18,3,4,73,122,100,41.6,5555.891239
2022,Holetta,HO22FBNHP01,1,104,2,18,3,16,76,126,90,33.2,3986.828774
2022,Holetta,HO22FBNHP01,1,105,3,18,3,19,68,128,85.33333333,42.4,5273.98374
2022,Holetta,HO22FBNHP01,1,106,4,18,3,12,71,122,96.33333333,46.4,5089.361702
2022,Holetta,HO22FBNHP01,1,107,5,18,3,32,74,122,83.33333333,37.6,3727.772126
2022,Holetta,HO22FBNHP01,1,108,6,18,3,21,79,132,110,49.6,6553.688525
2022,Bekoji,BK22FBNHP01,1,1,1,1,1,29,84,147,90,43.5,6175.975976
2022,Bekoji,BK22FBNHP01,1,2,2,1,1,32,82,146,120,37.4,7122.865554
2022,Bekoji,BK22FBNHP01,1,3,3,1,1,17,85,150,120,38.9,6508.730159
2022,Bekoji,BK22FBNHP01,1,4,4,1,1,13,90,148,123,37.7,4731.800766
2022,Bekoji,BK22FBNHP01,1,5,5,1,1,9,93,144,140,36.9,3980.913706
2022,Bekoji,BK22FBNHP01,1,6,6,1,1,5,82,146,120,30.8,4707.042254
2022,Bekoji,BK22FBNHP01,1,7,6,2,1,23,83,152,115,40.3,5745.711403
2022,Bekoji,BK22FBNHP01,1,8,5,2,1,18,88,154,145,50.6,6342.280525
2022,Bekoji,BK22FBNHP01,1,9,4,2,1,7,77,145,135,46,4520.2
2022,Bekoji,BK22FBNHP01,1,10,3,2,1,4,80,143,125,46.1,5912.810328
2022,Bekoji,BK22FBNHP01,1,11,2,2,1,14,73,146,130,45.6,5659.980139
2022,Bekoji,BK22FBNHP01,1,12,1,2,1,35,82,150,130,48.3,6739.712919
2022,Bekoji,BK22FBNHP01,1,13,1,3,1,15,92,152,140,35,7853.639847
2022,Bekoji,BK22FBNHP01,1,14,2,3,1,31,85,144,110,33.7,4275.903614
2022,Bekoji,BK22FBNHP01,1,15,3,3,1,19,84,155,110,46.1,7494.874372
2022,Bekoji,BK22FBNHP01,1,16,4,3,1,26,82,152,115,47.8,6776.946411
2022,Bekoji,BK22FBNHP01,1,17,5,3,1,36,86,153,115,46.1,5954.141414
2022,Bekoji,BK22FBNHP01,1,18,6,3,1,6,82,154,135,53.8,6835.866261
2022,Bekoji,BK22FBNHP01,1,19,1,4,1,8,80,145,120,46.6,5402.40481
2022,Bekoji,BK22FBNHP01,1,20,2,4,1,3,78,145,130,45,5435.785288
2022,Bekoji,BK22FBNHP01,1,21,3,4,1,2,82,148,135,43.3,6258.109453
2022,Bekoji,BK22FBNHP01,1,22,4,4,1,20,86,150,125,49,7078.642715
2022,Bekoji,BK22FBNHP01,1,23,5,4,1,12,82,144,115,44.2,6241.99005
2022,Bekoji,BK22FBNHP01,1,24,6,4,1,25,84,148,90,27.3,4455.104063
2022,Bekoji,BK22FBNHP01,1,25,6,5,1,24,80,151,125,39.6,8096.83605
2022,Bekoji,BK22FBNHP01,1,26,5,5,1,21,89,154,135,45.2,5979.408767
2022,Bekoji,BK22FBNHP01,1,27,4,5,1,11,82,149,140,47.1,7141.08053
2022,Bekoji,BK22FBNHP01,1,28,3,5,1,10,89,155,140,49.5,3364.670051
2022,Bekoji,BK22FBNHP01,1,29,2,5,1,34,84,152,125,43.2,6833.739837
2022,Bekoji,BK22FBNHP01,1,30,1,5,1,30,86,157,135,55.7,7124.048096
2022,Bekoji,BK22FBNHP01,1,31,1,6,1,27,82,148,105,37.2,5766.375121
2022,Bekoji,BK22FBNHP01,1,32,2,6,1,33,85,155,115,41.2,5636.27153
2022,Bekoji,BK22FBNHP01,1,33,3,6,1,1,80,150,115,43.5,6837.487733
2022,Bekoji,BK22FBNHP01,1,34,4,6,1,28,82,151,130,42.7,6999.192735
2022,Bekoji,BK22FBNHP01,1,35,5,6,1,16,86,153,115,39.8,8321.73913
2022,Bekoji,BK22FBNHP01,1,36,6,6,1,22,90,153,140,39.8,8044.579534
2022,Bekoji,BK22FBNHP01,1,37,1,7,2,5,80,148,120,47.2,8132.817038
2022,Bekoji,BK22FBNHP01,1,38,2,7,2,30,87,155,140,51.9,6581.983806
2022,Bekoji,BK22FBNHP01,1,39,3,7,2,22,90,155,145,38.3,5754.325956
2022,Bekoji,BK22FBNHP01,1,40,4,7,2,25,80,144,90,44.9,4120.686176
2022,Bekoji,BK22FBNHP01,1,41,5,7,2,35,83,154,130,47.1,7522.740814
2022,Bekoji,BK22FBNHP01,1,42,6,7,2,6,85,152,145,56,6117.953862
2022,Bekoji,BK22FBNHP01,1,43,6,8,2,29,84,145,105,56,4306.868687
2022,Bekoji,BK22FBNHP01,1,44,5,8,2,24,83,152,135,35.2,7208.617234
2022,Bekoji,BK22FBNHP01,1,45,4,8,2,27,81,144,110,34.1,3453.883972
2022,Bekoji,BK22FBNHP01,1,46,3,8,2,8,80,145,115,40.9,5696.370968
2022,Bekoji,BK22FBNHP01,1,47,2,8,2,23,85,151,110,34.2,4596.569122
2022,Bekoji,BK22FBNHP01,1,48,1,8,2,15,93,152,135,25.8,3921.025641
2022,Bekoji,BK22FBNHP01,1,49,1,9,2,17,85,150,115,37.1,7909.575518
2022,Bekoji,BK22FBNHP01,1,50,2,9,2,11,82,153,125,39,5226.236125
2022,Bekoji,BK22FBNHP01,1,51,3,9,2,1,80,146,120,41.5,6995.538312
2022,Bekoji,BK22FBNHP01,1,52,4,9,2,2,84,148,125,38.4,6184.07767
2022,Bekoji,BK22FBNHP01,1,53,5,9,2,7,74,145,120,46,5443.2111
2022,Bekoji,BK22FBNHP01,1,54,6,9,2,19,82,155,115,43.1,7455.387714
2022,Bekoji,BK22FBNHP01,1,55,1,10,2,32,82,148,120,39.4,6652.432969
2022,Bekoji,BK22FBNHP01,1,56,2,10,2,21,90,156,135,41.3,5961.749746
2022,Bekoji,BK22FBNHP01,1,57,3,10,2,33,84,150,125,39.3,5798.375635
2022,Bekoji,BK22FBNHP01,1,58,4,10,2,3,77,148,140,42.7,6103.762376
2022,Bekoji,BK22FBNHP01,1,59,5,10,2,18,86,154,145,42.6,4277.517803
2022,Bekoji,BK22FBNHP01,1,60,6,10,2,31,84,146,105,35.4,5964.071856
2022,Bekoji,BK22FBNHP01,1,61,6,11,2,13,90,151,120,33.1,4393.94551
2022,Bekoji,BK22FBNHP01,1,62,5,11,2,10,90,156,140,47,3766.396761
2022,Bekoji,BK22FBNHP01,1,63,4,11,2,28,84,152,135,40.6,
2022,Bekoji,BK22FBNHP01,1,64,3,11,2,20,88,151,125,45.5,7714.176974
2022,Bekoji,BK22FBNHP01,1,65,2,11,2,4,80,144,130,42.7,6104.112337
2022,Bekoji,BK22FBNHP01,1,66,1,11,2,26,84,150,130,45.1,4844.084934
2022,Bekoji,BK22FBNHP01,1,67,1,12,2,9,94,155,140,40.7,4582.591093
2022,Bekoji,BK22FBNHP01,1,68,2,12,2,34,87,153,115,44.5,7598.992951
2022,Bekoji,BK22FBNHP01,1,69,3,12,2,16,88,152,115,36.9,8048.834853
2022,Bekoji,BK22FBNHP01,1,70,4,12,2,12,84,151,120,43.4,7861.010101
2022,Bekoji,BK22FBNHP01,1,71,5,12,2,14,76,151,115,39.1,5269.69697
2022,Bekoji,BK22FBNHP01,1,72,6,12,2,36,90,156,115,50.7,5594.534413
2022,Bekoji,BK22FBNHP01,1,73,1,13,3,29,85,144,90,30.8,4783.283582
2022,Bekoji,BK22FBNHP01,1,74,2,13,3,30,85,151,140,55,7373.401015
2022,Bekoji,BK22FBNHP01,1,75,3,13,3,33,83,148,100,48.6,4558.974359
2022,Bekoji,BK22FBNHP01,1,76,4,13,3,12,80,145,110,42.4,4881.281281
2022,Bekoji,BK22FBNHP01,1,77,5,13,3,7,80,144,130,48.7,4008.4
2022,Bekoji,BK22FBNHP01,1,78,6,13,3,26,84,148,115,47.8,5234.448819
2022,Bekoji,BK22FBNHP01,1,79,6,14,3,5,80,145,115,47.8,6253.413655
2022,Bekoji,BK22FBNHP01,1,80,5,14,3,34,84,148,120,42.8,5634.349593
2022,Bekoji,BK22FBNHP01,1,81,4,14,3,1,80,144,110,42.6,5884.136546
2022,Bekoji,BK22FBNHP01,1,82,3,14,3,20,84,150,120,44.8,6732.520325
2022,Bekoji,BK22FBNHP01,1,83,2,14,3,23,84,150,115,42.5,5502.735562
2022,Bekoji,BK22FBNHP01,1,84,1,14,3,31,83,144,100,34.4,5117.4
2022,Bekoji,BK22FBNHP01,1,85,1,15,3,17,83,148,120,29.5,5309.839357
2022,Bekoji,BK22FBNHP01,1,86,2,15,3,24,82,149,130,37.4,7110.49505
2022,Bekoji,BK22FBNHP01,1,87,3,15,3,28,83,148,135,34.9,6515.15748
2022,Bekoji,BK22FBNHP01,1,88,4,15,3,25,82,146,90,40.9,6301.260912
2022,Bekoji,BK22FBNHP01,1,89,5,15,3,18,86,151,155,30.9,4128.26087
2022,Bekoji,BK22FBNHP01,1,90,6,15,3,36,87,152,130,51.8,5153.768844
2022,Bekoji,BK22FBNHP01,1,91,1,16,3,13,88,148,120,35.2,4637.924152
2022,Bekoji,BK22FBNHP01,1,92,2,16,3,21,90,152,135,36.4,4623.748773
2022,Bekoji,BK22FBNHP01,1,93,3,16,3,22,90,150,135,38.8,4422.914573
2022,Bekoji,BK22FBNHP01,1,94,4,16,3,2,85,148,120,39.7,5282.888229
2022,Bekoji,BK22FBNHP01,1,95,5,16,3,14,75,146,125,41.5,6012.133072
2022,Bekoji,BK22FBNHP01,1,96,6,16,3,15,91,152,135,42.8,5907.70751
2022,Bekoji,BK22FBNHP01,1,97,6,17,3,32,82,148,115,33.9,6232.395732
2022,Bekoji,BK22FBNHP01,1,98,5,17,3,11,85,154,135,42.2,5443.694141
2022,Bekoji,BK22FBNHP01,1,99,4,17,3,16,84,146,115,39.7,7848.616601
2022,Bekoji,BK22FBNHP01,1,100,3,17,3,8,84,144,110,39.7,5327.667984
2022,Bekoji,BK22FBNHP01,1,101,2,17,3,4,82,143,120,45.3,4536.409228
2022,Bekoji,BK22FBNHP01,1,102,1,17,3,6,86,150,115,47.3,4809.8
2022,Bekoji,BK22FBNHP01,1,103,1,18,3,9,91,152,140,35.6,4254.179255
2022,Bekoji,BK22FBNHP01,1,104,2,18,3,10,92,156,145,38.6,5767.8
2022,Bekoji,BK22FBNHP01,1,105,3,18,3,27,84,145,115,36,4709.072782
2022,Bekoji,BK22FBNHP01,1,106,4,18,3,3,78,148,135,34.1,5354.354354
2022,Bekoji,BK22FBNHP01,1,107,5,18,3,35,86,152,130,44.5,6666
2022,Bekoji,BK22FBNHP01,1,108,6,18,3,19,87,154,125,43.3,5940.8308
2022,Debremarkose,DM22FBNHP01,1,1,1,1,1,34,72,130,109.33,41.6,5702.5
2022,Debremarkose,DM22FBNHP01,1,2,2,1,1,2,68,125,114.33,36,6050
2022,Debremarkose,DM22FBNHP01,1,3,3,1,1,10,76,135,137,44,4707.5
2022,Debremarkose,DM22FBNHP01,1,4,4,1,1,13,76,125,108.67,32.8,4505
2022,Debremarkose,DM22FBNHP01,1,5,5,1,1,29,70,123,82.33,26,3067.5
2022,Debremarkose,DM22FBNHP01,1,6,6,1,1,7,67,125,113,34,4847.5
2022,Debremarkose,DM22FBNHP01,1,7,6,2,1,32,71,128,94,43.6,4940
2022,Debremarkose,DM22FBNHP01,1,8,5,2,1,14,66,125,107,42.8,4575
2022,Debremarkose,DM22FBNHP01,1,9,4,2,1,35,72,125,116.67,43.6,4902.5
2022,Debremarkose,DM22FBNHP01,1,10,3,2,1,5,69,125,106,38.8,4170
2022,Debremarkose,DM22FBNHP01,1,11,2,2,1,20,69,125,110.33,39.2,4180
2022,Debremarkose,DM22FBNHP01,1,12,1,2,1,12,68,123,106.33,36.8,5847.5
2022,Debremarkose,DM22FBNHP01,1,13,1,3,1,24,69,125,117,37.6,5767.5
2022,Debremarkose,DM22FBNHP01,1,14,2,3,1,19,64,124,88.33,38.4,3277.5
2022,Debremarkose,DM22FBNHP01,1,15,3,3,1,4,69,123,118.33,36.8,4780
2022,Debremarkose,DM22FBNHP01,1,16,4,3,1,9,81,135,126.67,33.6,3135
2022,Debremarkose,DM22FBNHP01,1,17,5,3,1,33,69,125,110.67,37.2,3270
2022,Debremarkose,DM22FBNHP01,1,18,6,3,1,18,73,130,123.67,47.2,4422.5
2022,Debremarkose,DM22FBNHP01,1,19,1,4,1,22,76,131,121.33,32.4,3322.5
2022,Debremarkose,DM22FBNHP01,1,20,2,4,1,21,76,131,123.67,42.8,5452.5
2022,Debremarkose,DM22FBNHP01,1,21,3,4,1,17,72,130,103.67,31.6,4250
2022,Debremarkose,DM22FBNHP01,1,22,4,4,1,11,69,123,110.67,42.4,3757.5
2022,Debremarkose,DM22FBNHP01,1,23,5,4,1,26,69,123,113.33,41.2,3890
2022,Debremarkose,DM22FBNHP01,1,24,6,4,1,1,69,123,102.67,41.6,5547.5
2022,Debremarkose,DM22FBNHP01,1,25,6,5,1,8,69,123,111,37.2,4715
2022,Debremarkose,DM22FBNHP01,1,26,5,5,1,6,72,125,122,50.8,4412.5
2022,Debremarkose,DM22FBNHP01,1,27,4,5,1,25,64,123,79,29.6,3820
2022,Debremarkose,DM22FBNHP01,1,28,3,5,1,28,67,123,118,32.8,4150
2022,Debremarkose,DM22FBNHP01,1,29,2,5,1,23,72,124,106,40,4845
2022,Debremarkose,DM22FBNHP01,1,30,1,5,1,15,76,130,122.33,26.4,3452.5
2022,Debremarkose,DM22FBNHP01,1,31,1,6,1,27,67,127,85.33,36,3085
2022,Debremarkose,DM22FBNHP01,1,32,2,6,1,30,73,130,103.33,52,4240
2022,Debremarkose,DM22FBNHP01,1,33,3,6,1,3,67,128,115,41.2,4085
2022,Debremarkose,DM22FBNHP01,1,34,4,6,1,36,76,130,110.33,46.8,4267.5
2022,Debremarkose,DM22FBNHP01,1,35,5,6,1,16,73,125,99.33,34.4,3735
2022,Debremarkose,DM22FBNHP01,1,36,6,6,1,31,68,123,73.67,32,2322.5
2022,Debremarkose,DM22FBNHP01,1,37,1,7,2,7,67,123,106.67,42,4680
2022,Debremarkose,DM22FBNHP01,1,38,2,7,2,31,66,123,83.67,26.8,3597.5
2022,Debremarkose,DM22FBNHP01,1,39,3,7,2,12,69,117,97,38.8,5007.5
2022,Debremarkose,DM22FBNHP01,1,40,4,7,2,1,69,127,107,36.8,4565
2022,Debremarkose,DM22FBNHP01,1,41,5,7,2,18,76,130,127,44.4,4222.5
2022,Debremarkose,DM22FBNHP01,1,42,6,7,2,15,77,125,126.33,39.2,4155
2022,Debremarkose,DM22FBNHP01,1,43,6,8,2,34,73,135,119,36,4005
2022,Debremarkose,DM22FBNHP01,1,44,5,8,2,27,67,125,98.33,27.6,2865
2022,Debremarkose,DM22FBNHP01,1,45,4,8,2,32,71,125,104,34,4875
2022,Debremarkose,DM22FBNHP01,1,46,3,8,2,22,76,130,132.67,30.8,3052.5
2022,Debremarkose,DM22FBNHP01,1,47,2,8,2,24,72,130,116.33,34,3572.5
2022,Debremarkose,DM22FBNHP01,1,48,1,8,2,8,68,125,115,39.2,4865
2022,Debremarkose,DM22FBNHP01,1,49,1,9,2,13,76,130,108.33,29.2,3357.5
2022,Debremarkose,DM22FBNHP01,1,50,2,9,2,36,74,130,123.33,43.6,4390
2022,Debremarkose,DM22FBNHP01,1,51,3,9,2,5,69,125,115.33,40.4,4697.5
2022,Debremarkose,DM22FBNHP01,1,52,4,9,2,11,73,125,128,42,4770
2022,Debremarkose,DM22FBNHP01,1,53,5,9,2,9,78,130,116.67,33.6,2610
2022,Debremarkose,DM22FBNHP01,1,54,6,9,2,28,69,125,119.33,32.8,4040
2022,Debremarkose,DM22FBNHP01,1,55,1,10,2,10,74,130,133,51.6,3335
2022,Debremarkose,DM22FBNHP01,1,56,2,10,2,3,69,126,114.67,38.4,4022.5
2022,Debremarkose,DM22FBNHP01,1,57,3,10,2,35,72,127,108.67,38,3462.5
2022,Debremarkose,DM22FBNHP01,1,58,4,10,2,17,72,127,105.33,29.6,3610
2022,Debremarkose,DM22FBNHP01,1,59,5,10,2,4,68,123,116.67,38.4,4450
2022,Debremarkose,DM22FBNHP01,1,60,6,10,2,25,68,125,84.33,27.6,4260
2022,Debremarkose,DM22FBNHP01,1,61,6,11,2,2,72,125,115.67,33.6,3972.5
2022,Debremarkose,DM22FBNHP01,1,62,5,11,2,30,72,127,105.67,50,4415
2022,Debremarkose,DM22FBNHP01,1,63,4,11,2,14,66,123,108,43.6,3827.5
2022,Debremarkose,DM22FBNHP01,1,64,3,11,2,21,76,130,124.33,48,4860
2022,Debremarkose,DM22FBNHP01,1,65,2,11,2,19,69,127,93,38.4,3922.5
2022,Debremarkose,DM22FBNHP01,1,66,1,11,2,6,72,125,117.67,50.8,3957.5
2022,Debremarkose,DM22FBNHP01,1,67,1,12,2,29,72,133,63.67,27.6,1795
2022,Debremarkose,DM22FBNHP01,1,68,2,12,2,16,74,130,82,33.2,3200
2022,Debremarkose,DM22FBNHP01,1,69,3,12,2,20,77,127,89.33,44,2640
2022,Debremarkose,DM22FBNHP01,1,70,4,12,2,26,72,125,96.33,42.4,3592.5
2022,Debremarkose,DM22FBNHP01,1,71,5,12,2,33,69,125,98.67,41.2,3327.5
2022,Debremarkose,DM22FBNHP01,1,72,6,12,2,23,72,125,88.67,40,4065
2022,Debremarkose,DM22FBNHP01,1,73,1,13,3,2,72,127,105.33,35.6,4260
2022,Debremarkose,DM22FBNHP01,1,74,2,13,3,36,76,127,111.67,48.8,4892.5
2022,Debremarkose,DM22FBNHP01,1,75,3,13,3,20,76,128,105.67,41.2,3190
2022,Debremarkose,DM22FBNHP01,1,76,4,13,3,22,76,130,108,32.8,3020
2022,Debremarkose,DM22FBNHP01,1,77,5,13,3,18,76,130,106.67,47.6,4695
2022,Debremarkose,DM22FBNHP01,1,78,6,13,3,25,71,130,97,26.4,4000
2022,Debremarkose,DM22FBNHP01,1,79,6,14,3,13,76,130,106,34,3310
2022,Debremarkose,DM22FBNHP01,1,80,5,14,3,27,68,127,99.67,28.4,3395
2022,Debremarkose,DM22FBNHP01,1,81,4,14,3,35,70,127,102.67,42,4242.5
2022,Debremarkose,DM22FBNHP01,1,82,3,14,3,1,69,125,103,34.8,4125
2022,Debremarkose,DM22FBNHP01,1,83,2,14,3,33,71,123,113.67,37.2,4132.5
2022,Debremarkose,DM22FBNHP01,1,84,1,14,3,6,73,130,115.67,48,3917.5
2022,Debremarkose,DM22FBNHP01,1,85,1,15,3,7,67,125,123.33,39.6,4730
2022,Debremarkose,DM22FBNHP01,1,86,2,15,3,16,72,130,103.67,29.2,3192.5
2022,Debremarkose,DM22FBNHP01,1,87,3,15,3,5,69,126,111.33,37.2,4820
2022,Debremarkose,DM22FBNHP01,1,88,4,15,3,17,72,127,100.33,28,3800
2022,Debremarkose,DM22FBNHP01,1,89,5,15,3,19,68,129,94,39.6,2740
2022,Debremarkose,DM22FBNHP01,1,90,6,15,3,8,69,125,105.33,35.2,4292.5
2022,Debremarkose,DM22FBNHP01,1,91,1,16,3,29,72,125,80,29.2,1990
2022,Debremarkose,DM22FBNHP01,1,92,2,16,3,3,68,125,107,38.8,4602.5
2022,Debremarkose,DM22FBNHP01,1,93,3,16,3,32,70,127,104,35.6,5040
2022,Debremarkose,DM22FBNHP01,1,94,4,16,3,21,79,130,123.33,45.6,4397.5
2022,Debremarkose,DM22FBNHP01,1,95,5,16,3,9,81,135,120.67,34,3317.5
2022,Debremarkose,DM22FBNHP01,1,96,6,16,3,15,78,131,131,26,4105
2022,Debremarkose,DM22FBNHP01,1,97,6,17,3,34,74,127,107.67,37.6,2575
2022,Debremarkose,DM22FBNHP01,1,98,5,17,3,31,66,125,84.67,26.8,2650
2022,Debremarkose,DM22FBNHP01,1,99,4,17,3,14,67,123,107.67,44.8,4145
2022,Debremarkose,DM22FBNHP01,1,100,3,17,3,26,73,125,111.67,43.6,4482.5
2022,Debremarkose,DM22FBNHP01,1,101,2,17,3,4,69,125,112.67,36.8,4860
2022,Debremarkose,DM22FBNHP01,1,102,1,17,3,28,69,125,102,31.6,3190
2022,Debremarkose,DM22FBNHP01,1,103,1,18,3,10,76,130,126.33,52.8,2845
2022,Debremarkose,DM22FBNHP01,1,104,2,18,3,30,72,128,106,50.4,4265
2022,Debremarkose,DM22FBNHP01,1,105,3,18,3,12,69,125,103,40.8,4397.5
2022,Debremarkose,DM22FBNHP01,1,106,4,18,3,11,71,126,117,46,4775
2022,Debremarkose,DM22FBNHP01,1,107,5,18,3,24,72,126,108.67,39.6,4732.5
2022,Debremarkose,DM22FBNHP01,1,108,6,18,3,23,71,127,94.67,38.4,4080
2022,Gonder,GO22FBNHP01,1,1,1,1,1,36,81,142,88.8,48.4,3392.9
2022,Gonder,GO22FBNHP01,1,2,2,1,1,30,77,139,95.1,51.2,3268.26
2022,Gonder,GO22FBNHP01,1,3,3,1,1,27,72,129,80.5,36.6,3137.45
2022,Gonder,GO22FBNHP01,1,4,4,1,1,28,69,133,86.8,35.4,2743.73
2022,Gonder,GO22FBNHP01,1,5,5,1,1,15,78,140,86.3,30.8,3656.01
2022,Gonder,GO22FBNHP01,1,6,6,1,1,17,76,137,83.3,34.2,3206.65
2022,Gonder,GO22FBNHP01,1,7,6,2,1,1,71,138,96.3,42,6637.47
2022,Gonder,GO22FBNHP01,1,8,5,2,1,23,73,141,81.7,42.4,4747.09
2022,Gonder,GO22FBNHP01,1,9,4,2,1,11,76,113,99.8,48,4617.51
2022,Gonder,GO22FBNHP01,1,10,3,2,1,35,78,140,89.5,44,3614.92
2022,Gonder,GO22FBNHP01,1,11,2,2,1,4,76,135,87,40.8,3275.61
2022,Gonder,GO22FBNHP01,1,12,1,2,1,29,74,132,63.7,29.8,3028.7
2022,Gonder,GO22FBNHP01,1,13,1,3,1,26,78,137,85.9,42,2400.41
2022,Gonder,GO22FBNHP01,1,14,2,3,1,7,69,133,94.6,40.6,3099.48
2022,Gonder,GO22FBNHP01,1,15,3,3,1,3,67,132,88.4,40,3490.37
2022,Gonder,GO22FBNHP01,1,16,4,3,1,12,73,133,83.7,35.6,2642.79
2022,Gonder,GO22FBNHP01,1,17,5,3,1,10,81,141,119.8,51.6,3592.85
2022,Gonder,GO22FBNHP01,1,18,6,3,1,2,74,139,95.2,38.4,4548.43
2022,Gonder,GO22FBNHP01,1,19,1,4,1,20,82,137,82.8,42.8,2623.63
2022,Gonder,GO22FBNHP01,1,20,2,4,1,34,78,138,96.8,38.8,4074.16
2022,Gonder,GO22FBNHP01,1,21,3,4,1,24,75,138,97.6,34.6,3483.89
2022,Gonder,GO22FBNHP01,1,22,4,4,1,19,76,133,72.9,37.2,2013.37
2022,Gonder,GO22FBNHP01,1,23,5,4,1,18,77,136,102.8,46,2776.9
2022,Gonder,GO22FBNHP01,1,24,6,4,1,21,81,142,96,44.6,2778.17
2022,Gonder,GO22FBNHP01,1,25,6,5,1,32,79,141,79.6,37.6,4224.4
2022,Gonder,GO22FBNHP01,1,26,5,5,1,5,77,137,85.7,42.4,3698.86
2022,Gonder,GO22FBNHP01,1,27,4,5,1,22,82,141,88.2,33.2,1919.9
2022,Gonder,GO22FBNHP01,1,28,3,5,1,13,77,134,83.7,34,2509.15
2022,Gonder,GO22FBNHP01,1,29,2,5,1,33,76,138,87.2,48,3262.71
2022,Gonder,GO22FBNHP01,1,30,1,5,1,16,78,138,80.6,33.4,2841.1
2022,Gonder,GO22FBNHP01,1,31,1,6,1,31,73,132,66.4,35,3373.05
2022,Gonder,GO22FBNHP01,1,32,2,6,1,9,87,141,98.3,41.6,3547.03
2022,Gonder,GO22FBNHP01,1,33,3,6,1,6,81,142,100.2,54,3870.05
2022,Gonder,GO22FBNHP01,1,34,4,6,1,14,66,132,86.9,47.4,3500.45
2022,Gonder,GO22FBNHP01,1,35,5,6,1,8,76,137,83.7,39.8,3048.96
2022,Gonder,GO22FBNHP01,1,36,6,6,1,25,77,138,62.3,29.4,3216.54
2022,Gonder,GO22FBNHP01,1,37,1,7,2,4,72,133,93.1,40.2,4746.42
2022,Gonder,GO22FBNHP01,1,38,2,7,2,10,76,141,114.2,52,4337.22
2022,Gonder,GO22FBNHP01,1,39,3,7,2,15,77,137,103.3,30.4,5086.73
2022,Gonder,GO22FBNHP01,1,40,4,7,2,8,69,127,84.2,35.2,3399.52
2022,Gonder,GO22FBNHP01,1,41,5,7,2,33,67,132,81.4,44.4,3116.69
2022,Gonder,GO22FBNHP01,1,42,6,7,2,18,75,133,99.5,45.4,2769.76
2022,Gonder,GO22FBNHP01,1,43,6,8,2,29,73,127,65.9,26.6,3233.83
2022,Gonder,GO22FBNHP01,1,44,5,8,2,2,73,132,85.3,31.8,2037.76
2022,Gonder,GO22FBNHP01,1,45,4,8,2,17,78,129,77.8,28.6,2869.11
2022,Gonder,GO22FBNHP01,1,46,3,8,2,25,69,129,64.4,25.6,3465.74
2022,Gonder,GO22FBNHP01,1,47,2,8,2,16,77,140,85,34.8,4919.75
2022,Gonder,GO22FBNHP01,1,48,1,8,2,21,81,141,102.4,44,4993.71
2022,Gonder,GO22FBNHP01,1,49,1,9,2,11,73,140,98.6,43.6,4192.82
2022,Gonder,GO22FBNHP01,1,50,2,9,2,3,69,137,92.8,41.2,4402.03
2022,Gonder,GO22FBNHP01,1,51,3,9,2,27,67,132,85.3,33.4,3679.35
2022,Gonder,GO22FBNHP01,1,52,4,9,2,6,76,139,94.5,49.8,2451.11
2022,Gonder,GO22FBNHP01,1,53,5,9,2,22,80,139,88.9,33.4,1349.93
2022,Gonder,GO22FBNHP01,1,54,6,9,2,24,71,133,93.3,35.2,3033.11
2022,Gonder,GO22FBNHP01,1,55,1,10,2,23,67,135,67,39,3427.89
2022,Gonder,GO22FBNHP01,1,56,2,10,2,7,67,136,92.4,43,3646.27
2022,Gonder,GO22FBNHP01,1,57,3,10,2,30,73,140,105.3,53.4,5405.46
2022,Gonder,GO22FBNHP01,1,58,4,10,2,9,85,142,98.6,39,3299.8
2022,Gonder,GO22FBNHP01,1,59,5,10,2,5,75,137,88,40.2,4963.47
2022,Gonder,GO22FBNHP01,1,60,6,10,2,34,77,138,93.1,36.6,4231.65
2022,Gonder,GO22FBNHP01,1,61,6,11,2,1,73,134,85.4,38.2,4160.32
2022,Gonder,GO22FBNHP01,1,62,5,11,2,26,76,138,90.6,43,2973.39
2022,Gonder,GO22FBNHP01,1,63,4,11,2,36,79,141,86.9,44.8,2405.88
2022,Gonder,GO22FBNHP01,1,64,3,11,2,31,68,126,68,34.2,3084.24
2022,Gonder,GO22FBNHP01,1,65,2,11,2,32,76,132,67.6,30.4,2094.21
2022,Gonder,GO22FBNHP01,1,66,1,11,2,20,80,137,74.9,44.8,2457.6
2022,Gonder,GO22FBNHP01,1,67,1,12,2,35,76,138,88.7,41.6,2888.21
2022,Gonder,GO22FBNHP01,1,68,2,12,2,12,69,133,80.9,38,2693.63
2022,Gonder,GO22FBNHP01,1,69,3,12,2,28,69,131,87.7,32.4,2509.83
2022,Gonder,GO22FBNHP01,1,70,4,12,2,14,65,134,93,45.2,3044.8
2022,Gonder,GO22FBNHP01,1,71,5,12,2,13,80,136,80.4,33.4,2192.38
2022,Gonder,GO22FBNHP01,1,72,6,12,2,19,76,,71.4,39.6,2675.45
2022,Gonder,GO22FBNHP01,1,73,1,13,3,1,70,128,78.9,37.2,3365.11
2022,Gonder,GO22FBNHP01,1,74,2,13,3,12,68,132,81.8,41,3449.66
2022,Gonder,GO22FBNHP01,1,75,3,13,3,15,79,134,98.1,27.2,2829.08
2022,Gonder,GO22FBNHP01,1,76,4,13,3,9,84,142,96.3,37,1697.31
2022,Gonder,GO22FBNHP01,1,77,5,13,3,22,81,139,106.4,35.2,2911.38
2022,Gonder,GO22FBNHP01,1,78,6,13,3,21,81,137,105.5,41,3087.77
2022,Gonder,GO22FBNHP01,1,79,6,14,3,4,72,127,87.1,32.8,1605.72
2022,Gonder,GO22FBNHP01,1,80,5,14,3,7,68,131,91.5,42.8,2251.95
2022,Gonder,GO22FBNHP01,1,81,4,14,3,17,76,133,82,32.6,3045.59
2022,Gonder,GO22FBNHP01,1,82,3,14,3,6,74,137,91.6,50.8,2629
2022,Gonder,GO22FBNHP01,1,83,2,14,3,13,78,135,78,37.4,2322.76
2022,Gonder,GO22FBNHP01,1,84,1,14,3,20,77,138,81.4,44.4,2527.04
2022,Gonder,GO22FBNHP01,1,85,1,15,3,35,73,137,87,42.6,2949.21
2022,Gonder,GO22FBNHP01,1,86,2,15,3,2,72,127,74.6,30.6,1937.97
2022,Gonder,GO22FBNHP01,1,87,3,15,3,30,73,133,82.4,45.8,2423.08
2022,Gonder,GO22FBNHP01,1,88,4,15,3,31,66,121,56.9,31.6,1843.2
2022,Gonder,GO22FBNHP01,1,89,5,15,3,33,71,133,80.7,42.6,2489.97
2022,Gonder,GO22FBNHP01,1,90,6,15,3,24,73,132,89.6,33,2337.34
2022,Gonder,GO22FBNHP01,1,91,1,16,3,29,73,127,62.7,26.2,2932.1
2022,Gonder,GO22FBNHP01,1,92,2,16,3,3,68,132,101,40.2,3472.99
2022,Gonder,GO22FBNHP01,1,93,3,16,3,36,76,138,93.1,46.4,2942.59
2022,Gonder,GO22FBNHP01,1,94,4,16,3,14,63,128,87.5,41.8,1954.44
2022,Gonder,GO22FBNHP01,1,95,5,16,3,5,73,130,80.2,37.2,2801.52
2022,Gonder,GO22FBNHP01,1,96,6,16,3,18,75,137,95.9,46.4,2705.85
2022,Gonder,GO22FBNHP01,1,97,6,17,3,23,70,133,75.3,40,2942.41
2022,Gonder,GO22FBNHP01,1,98,5,17,3,26,73,135,90.9,44.4,3080.91
2022,Gonder,GO22FBNHP01,1,99,4,17,3,27,67,122,77.1,34.2,2960.84
2022,Gonder,GO22FBNHP01,1,100,3,17,3,8,69,123,84,37.4,3535.68
2022,Gonder,GO22FBNHP01,1,101,2,17,3,16,76,135,77.2,32.8,2475.65
2022,Gonder,GO22FBNHP01,1,102,1,17,3,19,71,135,74,40.4,2212.1
2022,Gonder,GO22FBNHP01,1,103,1,18,3,11,71,137,99.6,46.8,2476.65
2022,Gonder,GO22FBNHP01,1,104,2,18,3,10,77,138,111.9,54,2778.5
2022,Gonder,GO22FBNHP01,1,105,3,18,3,28,68,131,86.7,33,3164.82
2022,Gonder,GO22FBNHP01,1,106,4,18,3,25,68,125,62.8,26.4,2416.9
2022,Gonder,GO22FBNHP01,1,107,5,18,3,32,73,128,66.5,27,2845.25
2022,Gonder,GO22FBNHP01,1,108,6,18,3,34,74,130,84.3,33.6,2499.18